,0
 amsterdam bench, amsterdam bench
 ada tv stand, ada tv stand
 tabeni coat stand, tabeni coat stand
 minimaproject chieut table contemporary low table, minimaproject chieut table contemporary low table
 chieut table table, chieut table table
 chieut table, chieut table
 abra round steel coffee table lobster side, abra round steel coffee table lobster side
 ikon sofa, ikon sofa
 ikon sofasave, ikon sofasave
 ikon, ikon
 seat cushion, seat cushion
 support cushion hr, support cushion hr
 ro armchair, ro armchair
 ro easy chair, ro easy chair
" beetle dining chair , conic base"," beetle dining chair , conic base"
 bubble chair, bubble chair
 eames aluminium chair, eames aluminium chair
 fritz hansen swan chair, fritz hansen swan chair
 knoll saarinen tulip dining table oval, knoll saarinen tulip dining table oval
 fold with, fold with
 16 solid myrtle lazy susan, 16 solid myrtle lazy susan
 10 pc venice teak deep seating set with coffee table sunlla, 10 pc venice teak deep seating set with coffee table sunlla
 10pc venice outdoor seating group with coffee table, 10pc venice outdoor seating group with coffee table
 sunbrella cushion foam, sunbrella cushion foam
 4 club chair, 4 club chair
 1 coffee table, 1 coffee table
 2 end table, 2 end table
 sunbrella seat and back cushions, sunbrella seat and back cushions
 club chair, club chair
 coffee table, coffee table
 table, table
 sunbrella cushion fabric swat, sunbrella cushion fabric swat
 contti board, contti board
 grasshopper storage bin, grasshopper storage bin
 monarch storage bin, monarch storage bin
 storage bin cover, storage bin cover
 junebug storage bin, junebug storage bin
tro umbrella,tro umbrella
 french riviera paris 3 drawer executive writing desk, french riviera paris 3 drawer executive writing desk
 solid wood timber writing desk, solid wood timber writing desk
 top drawer, top drawer
 middle drawer, middle drawer
 bottom drawer, bottom drawer
 naples teak coffee table, naples teak coffee table
 asmund outdoor console table with 2 sink set, asmund outdoor console table with 2 sink set
8inx console table 2 sink set,8inx console table 2 sink set
 lyon french victorian lamp table bedside timber bedside table, lyon french victorian lamp table bedside timber bedside table
 wall, wall
 crystal chandelier 18 light, crystal chandelier 18 light
 modern american chandelier, modern american chandelier
 williams globe crystal chandelier, williams globe crystal chandelier
 crystal chandelier, crystal chandelier
 alabaster eight arm chandelier, alabaster eight arm chandelier
 sonoma los angeles mirror back teak glass display cabinet, sonoma los angeles mirror back teak glass display cabinet
 santa monica mirror back display cabinet, santa monica mirror back display cabinet
 gambas, gambas
 ii, ii
 lift, lift
 nelson速 saucer速 bubble pendant lamp, nelson速 saucer速 bubble pendant lamp
 nelson bubble lamps, nelson bubble lamps
 novaluna - parigi platform bed, novaluna - parigi platform bed
 modern tufted headboard headboard, modern tufted headboard headboard
 bed, bed
 queen, queen
 king, king
 novaluna - drudy bed, novaluna - drudy bed
 novaluna foam vegan - leather platform bed, novaluna foam vegan - leather platform bed
 bean bag hook, bean bag hook
 sofa, sofa
 3 seater sofa / peacock, 3 seater sofa / peacock
 sofa emerald, sofa emerald
 teal, teal
 sofa midnight, sofa midnight
 2 seater sofa / peacock, 2 seater sofa / peacock
l,l
 sofa peacock, sofa peacock
 albert sofa, albert sofa
 addington : chaise sofa, addington : chaise sofa
ton,ton
 : chaise sofa electric recliner, : chaise sofa electric recliner
 accent chair, accent chair
 patala floor lamp, patala floor lamp
 rog wall lamp, rog wall lamp
 towel / blanket ladder, towel / blanket ladder
 corner tv unit, corner tv unit
 fixed timber shelf, fixed timber shelf
 2 swan ring holder, 2 swan ring holder
 7 seas door stopper, 7 seas door stopper
 cushion cover, cushion cover
 the elephant head, the elephant head
 ' markers ' cushion cover, ' markers ' cushion cover
 white wood dining table, white wood dining table
 spacious table top, spacious table top
" french round back dining chair ,"," french round back dining chair ,"
 french round back dining chair, french round back dining chair
 morris coffee table model, morris coffee table model
 morris tables, morris tables
 table top, table top
" dean 92 "" california casual sofa"," dean 92 "" california casual sofa"
" dean 92 "" california casual sofa style sofa"," dean 92 "" california casual sofa style sofa"
 hand tied suspensionseat cushion, hand tied suspensionseat cushion
 copper pipe clothes hanger hooks, copper pipe clothes hanger hooks
 carved outdoor rocking chair, carved outdoor rocking chair
dack chairs,dack chairs
 king size adirondack chair, king size adirondack chair
 element adirondack chair, element adirondack chair
 traditional element adirondack chair, traditional element adirondack chair
 classic folding adirondack chair, classic folding adirondack chair
 polyteak compact side table, polyteak compact side table
 adirondack ottoman, adirondack ottoman
 resinteak modern adirondack rocking chair, resinteak modern adirondack rocking chair
 resinteak new classic outdoor rocking chair, resinteak new classic outdoor rocking chair
 resinteak pacific adirondack rocking chair, resinteak pacific adirondack rocking chair
 tulip fiberglass bar table, tulip fiberglass bar table
 tulip bar table, tulip bar table
 the tulip bar table, the tulip bar table
 tulip table, tulip table
 tulip fiberglass dining table, tulip fiberglass dining table
 tulip marble bar table, tulip marble bar table
 tulip wood top bar table, tulip wood top bar table
" tulip 36 "" wood top dining table & chairs"," tulip 36 "" wood top dining table & chairs"
 giselle foldable mattress portacot foam mattresses travel cot baby bamboo cover, giselle foldable mattress portacot foam mattresses travel cot baby bamboo cover
 giselle king single mattress bed size 7 zone pocket spring, giselle king single mattress bed size 7 zone pocket spring
 giselle king single size mattress bed cool gel memory foam eurotop pocket spring, giselle king single size mattress bed cool gel memory foam eurotop pocket spring
 giselle bedding king mattress bed 7 zone euro top pocket spring firm foam, giselle bedding king mattress bed 7 zone euro top pocket spring firm foam
 giselle double size mattress bed cool gel memory foam euro top pocket spring, giselle double size mattress bed cool gel memory foam euro top pocket spring
 giselle king mattress size bed euro top 5 zone pocket spring plush, giselle king mattress size bed euro top 5 zone pocket spring plush
 giselle bedding double size bed mattress euro top pocket spring foam, giselle bedding double size bed mattress euro top pocket spring foam
 artiss 4 chest of drawers tallboy dresser table bedroom storage white wood cabinet, artiss 4 chest of drawers tallboy dresser table bedroom storage white wood cabinet
 artiss shoe cabinet bench shoes storage rack organiser shelf cupboard box, artiss shoe cabinet bench shoes storage rack organiser shelf cupboard box
 artiss 189cm rgb led tv stand cabinet entertainment unit gloss furniture drawers shelf, artiss 189cm rgb led tv stand cabinet entertainment unit gloss furniture drawers shelf
 artiss 189cm rgb led tv stand cabinet entertainment unit gloss furniture drawers tempered shelf, artiss 189cm rgb led tv stand cabinet entertainment unit gloss furniture drawers tempered shelf
 artiss metal bed frame queen size mattress base platform foundation, artiss metal bed frame queen size mattress base platform foundation
 modern wavy area rug, modern wavy area rug
 modern area rug, modern area rug
 1 nesting ottoman, 1 nesting ottoman
 custom sofa chaise, custom sofa chaise
 lovesea, lovesea
 futon bed & sleeper sofa, futon bed & sleeper sofa
 sleeper sofa beds, sleeper sofa beds
 dream sofa, dream sofa
 custom, custom
 custom sectional sofa, custom sectional sofa
 bridge small loveseat sofa, bridge small loveseat sofa
 daphne wedge sectional, daphne wedge sectional
 merced custom couch, merced custom couch
 opus customizable sectional couch, opus customizable sectional couch
 jasper custom sectional sofa, jasper custom sectional sofa
 tiffany l - shape sofa sectional, tiffany l - shape sofa sectional
 monolith modern l sectional sofa, monolith modern l sectional sofa
 countour custom l - sectional upholstered, countour custom l - sectional upholstered
 tiffany custom sofa slope arm, tiffany custom sofa slope arm
 whataroom, whataroom
 audree rustic reclaimed wood dining table, audree rustic reclaimed wood dining table
" karsyn 108 "" long farmhouse reclaimed pine wood dining table coned shape legs"," karsyn 108 "" long farmhouse reclaimed pine wood dining table coned shape legs"
 anton mcm beige accent arm chair, anton mcm beige accent arm chair
 duncan fabric accent chair, duncan fabric accent chair
" ledell 35 "" mid - century modern glass coffee table"," ledell 35 "" mid - century modern glass coffee table"
 albert mcm accent lounge arm chair smoke frame, albert mcm accent lounge arm chair smoke frame
" "" mid - century modern glass dining table"," "" mid - century modern glass dining table"
 florence mcm white low profile accent chair wood frame, florence mcm white low profile accent chair wood frame
" "" mid - century modern tv stand"," "" mid - century modern tv stand"
 nalynn mid - century modern dining chair, nalynn mid - century modern dining chair
" "" modern concrete square coffee table"," "" modern concrete square coffee table"
 mcm white smith fabric lounge arm chair, mcm white smith fabric lounge arm chair
 modrest viviana century modern coffee table glass top, modrest viviana century modern coffee table glass top
" 71 "" mid - century tv stand 2 drawers cabinet"," 71 "" mid - century tv stand 2 drawers cabinet"
" "" modern tv stand w 4 doors"," "" modern tv stand w 4 doors"
" james 22 "" mid - century modern square end & side table marble top"," james 22 "" mid - century modern square end & side table marble top"
 / simon side chair, / simon side chair
 simon side chair, simon side chair
 weekender beach chairs, weekender beach chairs
 byron ' weekender rattan fold up chair, byron ' weekender rattan fold up chair
 ebonized credenza, ebonized credenza
 nine drawer credenza, nine drawer credenza
 modernist inspired sputnik chandelier, modernist inspired sputnik chandelier
 sputnik chandelier, sputnik chandelier
 100 classic leather sofa, 100 classic leather sofa
 classic leather chair, classic leather chair
 love seat, love seat
 garden bench cushions, garden bench cushions
 garden bench cushion, garden bench cushion
 teak garden bench, teak garden bench
 arcos chair, arcos chair
 chair, chair
 wishbone y chair, wishbone y chair
 austin tv console, austin tv console
 astrid coffee table, astrid coffee table
 natalia right facing l - shape sofa, natalia right facing l - shape sofa
 natalia sofa, natalia sofa
 esme sideboard, esme sideboard
 ] wishbone y chair, ] wishbone y chair
 aria dining table, aria dining table
 janson tv console, janson tv console
 smyth sewn binding, smyth sewn binding
 ridge accent chair, ridge accent chair
 chair ridge accent chair, chair ridge accent chair
 bertha chair, bertha chair
 warwick dining table, warwick dining table
 dining, dining
 warwick dining table & 4 chairs, warwick dining table & 4 chairs
 park slope desk, park slope desk
 stark sideboard, stark sideboard
 ray, ray
 initial outdoor lounge chairgubi x noah, initial outdoor lounge chairgubi x noah
 experience beetle tenfree shipping5321 table lamp shippingadnet wall mirror circular, experience beetle tenfree shipping5321 table lamp shippingadnet wall mirror circular
 jupiter vase, jupiter vase
 colosso woven neoprene hand knotted baskets, colosso woven neoprene hand knotted baskets
 colosso yarn, colosso yarn
 abstract polished marble bowl, abstract polished marble bowl
 petrified wood plate, petrified wood plate
 cotswold bedroom range, cotswold bedroom range
 sophia 2 drawer nightstand, sophia 2 drawer nightstand
 sophia nightstand, sophia nightstand
" "" wooden pendant light"," "" wooden pendant light"
bonized house,bonized house
 al, al
 erica park bench, erica park bench
 erica wooden bench, erica wooden bench
 terassi 3 seat garden swing, terassi 3 seat garden swing
 lilli 2 seat garden swing, lilli 2 seat garden swing
 denim hammock, denim hammock
 hamaca hammocks, hamaca hammocks
ck,ck
 cracking hammock, cracking hammock
mock,mock
 wagtail tweed, wagtail tweed
 barn owl tweed, barn owl tweed
 arm chair disposal, arm chair disposal
 dreaming linen cushion, dreaming linen cushion
 verona chair, verona chair
 natural diningchairhmmdark brown seat pad, natural diningchairhmmdark brown seat pad
 eight light antler chandelier, eight light antler chandelier
 antler chandelier, antler chandelier
 marston wide console desk, marston wide console desk
 console, console
 tall stack minimalist record player stand, tall stack minimalist record player stand
 tall stack record player stand, tall stack record player stand
 darwen minimalist console desk on, darwen minimalist console desk on
 marston wide console table on mid century hairpin legs, marston wide console table on mid century hairpin legs
 the stag geo sideboard, the stag geo sideboard
 stag sideboard, stag sideboard
 chesterfield diamante bed frame, chesterfield diamante bed frame
 super king, super king
 super king 6, super king 6
 super king 6ft teal, super king 6ft teal
 super king 6ft ivory cream, super king 6ft ivory cream
 bed frame, bed frame
 solid oak four poster bed, solid oak four poster bed
 oak four poster bed four poster bed, oak four poster bed four poster bed
 headboard, headboard
 four poster, four poster
 bed base, bed base
 industrial 2x handmade x dining table bench frame steel table pedestal legs, industrial 2x handmade x dining table bench frame steel table pedestal legs
 xcm table, xcm table
 industrial x style table legs, industrial x style table legs
 wall mounted breakfast bar, wall mounted breakfast bar
 ap collectionwhite polar bear lounge swivel chair, ap collectionwhite polar bear lounge swivel chair
" white bear , fluffy lounge swivel chair swivel base"," white bear , fluffy lounge swivel chair swivel base"
 antibes hall table teak, antibes hall table teak
 antibes hall table, antibes hall table
